handle	id	date	views	likes	comments	saves	shares	like%	save%	share%	dur	res	cuts(th0.3)	avg_shot	sound
junjun_ranran	7655625158299897108	2026-06-26	390800	17900	516	2576	3531	4.6	0.66	0.9	25.45	1080x1920	4	5.09	原声 - ロゼ君
junjun_ranran	7661624277401128209	2026-07-12	63400	2943	53	285	121	4.6	0.45	0.19	127.66	1080x1920	18	6.72	原声 - ジュンジュンとランラン
junjun_ranran	7682348832692227336	2026-09-06	103100	5549	112	760	397	5.4	0.74	0.39	125.36	1080x1920	51	2.85	原声 - ジュンジュンとランラン
junjun_ranran	7690894121547861254	2026-09-29	490500	18500	132	2400	1298	3.8	0.49	0.26	37.48	1080x1920	1	18.74	原声 - ジュンジュンとランラン
junjun_ranran	7692378853490167046	2026-10-03	825100	37000	481	5787	3009	4.5	0.7	0.36	71.55	1080x1920	19	3.58	原声 - ジュンジュンとランラン
nuts0629	7533937942935440648	2025-08-02	1300000	51800	258	4309	2524	4.0	0.33	0.19	8.01	1280x720	0	8.01	オリジナル楽曲 - PinoNuts
nuts0629	7535803960511368466	2025-08-07	40800	1807	51	215	337	4.4	0.53	0.83	32.18	1280x720	1	16.09	인형놀이 음원
nuts0629	7587280069580655880	2025-12-24	2233	137	33	14	8	6.1	0.63	0.36	37.01	720x1272	1	18.51	Congratulations Christmas xylophone ensemble(1036161)
nuts0629	7591674035407277319	2026-01-05	1679	96	15	6	13	5.7	0.36	0.77	14.91	720x1096	0	14.91	オリジナル楽曲 - PinoNuts
nuts0629	7600297662960749832	2026-01-28	173600	2125	29	265	404	1.2	0.15	0.23	23.68	720x1280	0	23.68	オリジナル楽曲 - PinoNuts│オーダメイドLINEスタンプ
nuts0629	7601413129116896520	2026-01-31	1470	74	9	8	3	5.0	0.54	0.2	9.47	720x1280	0	9.47	オリジナル楽曲 - PinoNuts│オーダメイドLINEスタンプ
the.care.logic	7663785920939740424	2026-07-18	497000	48200	299	8839	5686	9.7	1.78	1.14	40.1	720x1280	8	4.46	original sound
the.care.logic	7677586914253507858	2026-08-24	1400000	159300	582	22338	65500	11.4	1.6	4.68	28.2	720x1280	2	9.4	original sound
the.care.logic	7690195326577216775	2026-09-27	682	64	2	6	4	9.4	0.88	0.59	30.03	720x1280	3	7.51	original sound
the.care.logic	7691923466357918983	2026-10-02	1392	120	1	5	16	8.6	0.36	1.15	32.1	720x1280	3	8.03	original sound
the.care.logic	7692266513859890440	2026-10-03	1005	130	1	20	8	12.9	1.99	0.8	30.03	720x1280	3	7.51	original sound
yako.shiawasekon	7690523678567615764	2026-09-28	195400	1382	29	263	39	0.7	0.13	0.02	179.2	1080x1920	33	5.27	オリジナル楽曲 - 紫藤乃やこ｜婚活・恋愛サポート
yako.shiawasekon	7690881121491438868	2026-09-29	4808	63	1	23	11	1.3	0.48	0.23	58.95	1080x1920	12	4.53	オリジナル楽曲 - 紫藤乃やこ｜婚活・恋愛サポート
yako.shiawasekon	7691616018845748500	2026-10-01	7095	67	2	19	1	0.9	0.27	0.01	178.57	720x1280	59	2.98	オリジナル楽曲 - 紫藤乃やこ｜婚活・恋愛サポート
yako.shiawasekon	7691824225895615765	2026-10-02	63700	677	20	84	15	1.1	0.13	0.02	56.01	1080x1920	17	3.11	オリジナル楽曲 - 紫藤乃やこ｜婚活・恋愛サポート
yako.shiawasekon	7692202183814581524	2026-10-03	124200	1423	53	251	40	1.1	0.2	0.03	59.73	1080x1920	15	3.73	Emotional piano solo(1708924)
yako.shiawasekon	7692577665789775105	2026-10-04	19900	202	6	39	2	1.0	0.2	0.01	52.55	1080x1920	6	7.51	オリジナル楽曲 - 紫藤乃やこ｜婚活・恋愛サポート
