動画ID,ショット番号,開始秒,秒数,動き,動きの数,カメラ,構図
7692378853490167046,1,0.00,1.33,話す（カラス）,1,固定,カラスのバストアップ・青空
7692378853490167046,2,1.33,4.73,振り向く／歩く,2,固定,窓辺の猫2匹・全身
7692378853490167046,3,6.07,7.17,話す／見る,2,固定,白猫の横顔手前・奥にジュンジュン
7692378853490167046,4,13.23,1.43,話す（カラス）,1,固定,カラス全身・正面
7692378853490167046,5,14.67,5.83,話す／顔を出す,2,固定,白猫の横顔手前・奥にジュンジュン
7692378853490167046,6,20.50,2.00,羽を広げる／話す,2,固定,カラス全身・正面
7692378853490167046,7,22.50,2.07,話す,1,固定,白猫正面の顔アップ
7692378853490167046,8,24.57,4.57,話す（カラス）,1,固定,カラス全身・正面
7692378853490167046,9,29.13,10.97,お菓子を持って来る／立ち上がる／前足を上げる,3,固定（目視で場面替わり3）,部屋の引き→立つ猫とリンの脚→猫アップ
7692378853490167046,10,40.10,4.03,外を見る,1,固定,猫2匹の後ろ姿・網戸の外にカラス
7692378853490167046,11,44.13,2.97,座る／話す,2,固定,室内の猫2匹・全身正面
7692378853490167046,12,47.10,1.40,首をかしげる／話す,2,固定,カラス全身・正面
7692378853490167046,13,48.50,1.77,話す,1,固定,白猫全身正面
7692378853490167046,14,50.27,4.97,見上げる／話す,2,固定,猫の見上げ・ミディアム
7692378853490167046,15,55.23,6.77,網戸を開ける／立ち上がる／話す,3,固定,猫2匹の後ろ姿・リンの脚
7692378853490167046,16,62.00,4.07,立って前足を上げる／話す,2,固定,立つ猫と座る白猫・全身
7692378853490167046,17,66.07,1.63,話す（カラス）,1,固定,カラス全身・正面
7692378853490167046,18,67.70,2.10,笑う／話す,2,固定,リンのバストアップ・袋を持つ
7692378853490167046,19,69.80,1.27,飛び込む／立ち上がる,2,固定,網戸から入るカラスと立つ猫2匹
7692378853490167046,20,71.07,0.48,なし（最後の数フレーム）,0,固定,同上
7690894121547861254,1,0.00,10.40,白猫が顔を寄せる／話す／ジュンジュンがのぞき込む,3,動く（白猫からジュンジュンへ横に流れる）,寝ているリンの顔の横・猫2匹アップ（暗い寝室）
7690894121547861254,2,10.40,18.73,のぞき込む／話す／身を乗り出す,3,動く→寄る（ジュンジュンの顔アップへ）,リンの顔の上・猫2匹→ジュンジュン顔アップ
7690894121547861254,3,29.13,0.93,寝言を言う,1,固定,真上からリンの顔・後ろに猫2匹
7690894121547861254,4,30.07,1.00,話す（猫）,1,固定,同上
7690894121547861254,5,31.07,0.67,寝言を言う,1,固定,同上
7690894121547861254,6,31.73,0.73,話す（猫）,1,固定,同上
7690894121547861254,7,32.47,4.80,寝言を言う／猫がのぞく,2,固定,同上
7690894121547861254,8,37.27,0.21,なし（最後の数フレーム）,0,固定,同上
7655625158299897108,1,0.00,2.37,笑う／話す,2,固定,ベッドのリン正面・手前に猫の後ろ姿
7655625158299897108,2,2.37,5.53,話す,1,固定,猫正面バストアップ
7655625158299897108,3,7.90,0.97,なし（黒地に白文字）,0,固定,文字のみ
7655625158299897108,4,8.87,5.53,泣く／叫ぶ／猫の手を見る,3,寄る,リン正面→顔アップ
7655625158299897108,5,14.40,11.05,浮く／プロペラで飛ぶ／話す／見上げる,4,動く（目視で場面替わり2）,病室の床に猫→猫アップ→病室の引きでリンと浮く猫
7670122320844967189,1,0.00,1.03,前足で写真立てを倒す,1,固定,棚の写真立てと猫の前足のアップ
7670122320844967189,2,1.03,11.67,見下ろす／振り向く／座る,3,引く,手前に棚と倒れた写真立て・中央に猫・奥にリン
7670122320844967189,3,12.70,6.67,写真立てを起こす／話す,2,固定,手前に猫・奥でしゃがむリン
7670122320844967189,4,19.37,4.70,歩き去る／座り込む,2,固定（目視で21秒付近に場面替わり1）,リンと猫→部屋の引きでリン小さく
7670122320844967189,5,24.07,7.90,うつむく／話す,2,寄る,リンの顔アップ
7670122320844967189,6,31.97,1.67,涙をぬぐう,1,固定,リンのバストアップ
7670122320844967189,7,33.63,1.13,泣く,1,固定,リンのバストアップ
7670122320844967189,8,34.77,8.53,目を細める／話す,2,固定（目視で39秒付近に場面替わり1）,猫の顔アップ→写真立ての前の猫の後ろ姿
7670122320844967189,9,43.30,13.03,話す,1,固定,猫の正面ミディアム（暗い部屋）
7670122320844967189,10,56.33,3.37,座る,1,固定,手前にリンの脚・奥に猫
7670122320844967189,11,59.70,3.17,話す,1,固定,猫の正面ミディアム
7670122320844967189,12,62.87,20.87,振り向く／話す／クッションを置く／座る,4,固定（目視で場面替わり3・黒地文字あり）,リン横顔→黒地文字→部屋の引き→猫がクッションに座る
7670122320844967189,13,83.73,6.97,話す,1,固定,猫の正面ミディアム
7670122320844967189,14,90.70,5.26,見つめる,1,寄る,猫の後ろ姿→写真立て（白い長毛猫の写真）アップ
7655019299546926357,1,0.00,3.10,笑う／話す,2,固定,ベッドのリン正面・手前に猫の後ろ姿
7655019299546926357,2,3.10,2.00,話す,1,固定,猫正面バストアップ
7655019299546926357,3,5.10,1.27,笑う／話す,2,固定,ベッドのリン正面
7655019299546926357,4,6.37,3.00,話す,1,固定,猫正面バストアップ
7655019299546926357,5,9.37,5.97,口を押さえる／泣く,2,固定（目視で12秒付近に場面替わり1・黒地文字あり）,黒地文字→リンの顔アップ
7655019299546926357,6,15.33,2.50,話す,1,固定,猫正面バストアップ（逆光）
7661624277401128209,1,0.00,2.03,懐中電灯が点く／話す,2,固定,暗闇で下から照らされた猫の顔アップ
7661624277401128209,2,2.03,3.60,懐中電灯を持つ／話す,2,固定,猫ミディアム・手前にろうそく
7661624277401128209,3,5.63,40.97,お菓子を食べる／歩く／話す／箱に入る／見上げる,5,固定（目視で場面替わり6以上・暗い映像で検出漏れ）,リンのバストアップ／猫と箱／猫の見上げ など複数
7661624277401128209,4,46.60,16.77,座る／歩み寄る／膝に乗る／話す,4,固定→寄る（目視で場面替わり2）,ソファのリン全身と猫→リンの膝の猫
7661624277401128209,5,63.37,2.77,話す,1,固定,仰向けの猫の顔アップ
7661624277401128209,6,66.13,1.50,笑う,1,固定,リンの顔アップ
7661624277401128209,7,67.63,7.87,話す,1,寄る,仰向けの猫の顔アップ
7661624277401128209,8,75.50,2.80,笑う／話す,2,固定,リンと膝の猫・ミディアム
7661624277401128209,9,78.30,12.23,話す／なでる,2,固定（目視で84秒付近に引きの画へ替わる）,膝の猫アップ→リンと猫ミディアム
7661624277401128209,10,90.53,7.60,話す／見上げる,2,寄る（目視で97秒付近に場面替わり1）,仰向けの猫の顔アップ
7661624277401128209,11,98.13,7.03,立ち上がる／両手を上げる,2,固定（目視で102秒付近に場面替わり1）,リンと膝の猫→猫が立って両手を上げる全身
7661624277401128209,12,105.17,4.53,笑う／話す,2,固定,リンのバストアップ
7661624277401128209,13,109.70,4.37,話す,1,固定,ソファ上の猫ミディアム
7661624277401128209,14,114.07,1.53,立ち上がる／話す,2,固定,ソファのリン全身
7661624277401128209,15,115.60,1.87,話す,1,固定,ソファ上の猫アップ
7661624277401128209,16,117.47,2.60,袋を見せる／話す,2,固定,リンと猫・手前に袋
7661624277401128209,17,120.07,2.37,振り向く／降りる,2,固定,ソファ上の猫
7661624277401128209,18,122.43,5.03,歩く／振り向く,2,固定,部屋の引き・猫全身
7661624277401128209,19,127.47,0.12,なし（最後の1フレーム）,0,固定,部屋
