id,platform,genre,bucket,account,label,根拠の短い引用,注記
T001,TikTok,美容,伸びてる,あーちゃん@資生堂ジャパン（@akina_pbp）,その他,41歳現役美容部員が伝授,推定（説明文ベース）
T002,TikTok,美容,伸びてる,CHIRO@資生堂ジャパン（@chiro_pbp）,その他,"2,000円以下！大人のためのオールインワン",推定（説明文ベース）
T003,TikTok,美容,伸びてる,@cosme美容部員（@cosme_ba）,B,夏終わりの肌くすみには…,推定（説明文ベース）
T004,TikTok,美容,伸びてる,美容ノゆうや（@beauty_mentalist_yuya）,その他,【正直レビュー】【プチプラ神スキンケア】,推定（説明文ベース）
T005,TikTok,美容,伸びてる,肌コミちゃん【美容ルーティン】（@bihadanaritaina）,A,度々話題になるキュレルの泡洗顔,推定（説明文ベース）
T006,TikTok,美容,伸びてる,韓国オンニ【日韓コスメ・スキンケア】（@choa_cosme）,B,秋冬乾燥に推したいスキンケア見つけた,推定（説明文ベース）
T007,TikTok,美容,伸びてる,Chie｜ハンドモデルの手元美容（@handmodel_chie）,その他,夏のハンドケアリストをまとめました,推定（説明文ベース）
T008,TikTok,美容,伸びてる,ナラ｜毛穴ケアオタク（@keana_nara）,B,同じ角栓毛穴でも…選びたい化粧水は変わる,推定（説明文ベース）
T009,TikTok,美容,伸びてる,初美メアリ（@maryhatsumi）,A,商品名直出し,推定（説明文ベース）
T010,TikTok,美容,伸びてる,【公式】LDK the Beauty/ベストコスメ（@ldkthebeauty）,その他,【避けて・OK・perfect】,推定（説明文ベース）
T011,TikTok,美容,伸びてる,かぽ / kapo（@kapo_025）,A,［ブランド名］＋「水光チークトップが叶う」,推定（説明文ベース）
T012,TikTok,美容,伸びてる,バズ美容モンスター（@cosme_kaiju）,その他,秋冬のスキンケア選びって一番難しくない？？,推定（説明文ベース）
T013,TikTok,美容,伸びてる,CanCam美容部（@cancam_biyoubu）,その他,誰でも5分でできる❕,推定（説明文ベース）
T014,TikTok,美容,伸びてる,ありちゃん【美容系、コスメTikToker】（@arichan_make）,その他,ブラウンシャドウって結局どれを選べば,推定（説明文ベース）
T015,TikTok,美容,伸びてる,やみちゃん（@ayami_yamichan）,A,#PR商品名＋ナイトルーティン見出し,推定（説明文ベース）
T016,TikTok,美容,伸びてる,天笠 月瑛（@amagasa_tsukie）,その他,コンシーラーの使い分け,推定（説明文ベース）
T017,TikTok,美容,伸びてる,ももそら【コスメ女子会ズ】（@cosme_daisuki.kaigi）,その他,プチプラ、韓国コスメ、デパコスチーク‼️案件なし,推定（説明文ベース）
T018,TikTok,美容,伸びてる,めめろん（@memeron_me）,B,これ混合肌、インナードライ共感やばいと思う,推定（説明文ベース）
T019,TikTok,美容,伸びてる,モテコスメちゃん（@mote_cosme）,その他,おすすめトーンアップ下地を４つ紹介,推定（説明文ベース）
T020,TikTok,美容,伸びてる,なぎ／コスメ研究部（@nagi.cosme_lab）,その他,隠れ名品3選‼️,推定（説明文ベース）
T021,TikTok,美容,伸びてる,なぎ／スキンケア研究室（@nagi.skincare）,その他,スキンケアに迷ったら、私ならこのケアを,推定（説明文ベース）
T022,TikTok,美容,伸びてる,2人目のエガチャン（@egachannel1）,その他,進化がとまらねぇぞ。,推定（説明文ベース）
T023,TikTok,美容,伸びてる,みこ@資生堂ジャパン（@mico_pbp）,その他,【日焼け止め、塗る量足りてる？☀️】,推定（説明文ベース）
T024,TikTok,美容,伸びてる,HINA@資生堂ジャパン（@hinauda_pbp）,その他,新クッションファンデーション登場🆕,推定（説明文ベース）
T025,TikTok,美容,伸びてる,MIYA＠資生堂ジャパン（@miya_pbp）,その他,【保存推奨】大人の崩れにくいベースメイク,推定（説明文ベース）
T026,TikTok,美容,伸びてる,成分オタクちゃん🌶️【美容・スキンケア】（@seibun_otakuchan）,B,乾燥肌さん、10月になる前にこれチェックして,推定（説明文ベース）
T027,TikTok,美容,伸びてる,コスコスカンパニー株式会社（@coscoslife）,その他,トナーパッド使ったことある？？,推定（説明文ベース）
T028,TikTok,美容,伸びてる,うるる｜肌の専門家（@ururu_biyo）,A,どちらもエリクシールを代表するドラッグストアの名品,推定（説明文ベース）
T029,TikTok,美容,伸びてる,ゆん｜元化粧品研究者｜ノーファンデ肌（@yun.skincare_）,その他,ノーファンデレシピ,推定（説明文ベース）
T030,TikTok,美容,伸びてる,Minami@資生堂ジャパン（@minami_pbp）,その他,アイライン引き方のコツ🪄,推定（説明文ベース）
T031,TikTok,美容,伸びてる,goken@資生堂ジャパン（@goken_pbp）,その他,初めてのアイシャドウならコレ,推定（説明文ベース）
T032,TikTok,美容,伸びてる,コスメ語りたい倶楽部（@cosme_katari.club）,A,みんな大好きセザンヌ厳選してみたよ,推定（説明文ベース）
T033,TikTok,美容,伸びてる,友利新 / 医師「内科・皮膚科」（@aratatomori_official）,その他,名品クレンジングをタイプ別に解説しました,推定（説明文ベース）
T034,TikTok,美容,伸びてる,セラム大魔王のヒョク（@hyuk.beauty_channel）,A,VTカプセルクリーム4種の本音レビュー,推定（説明文ベース）
T035,TikTok,美容,伸びてる,さとる,不明,商品の見せ方:不明,推定（説明文ベース）
T036,TikTok,美容,伸びてる,めるも（@melt__make）,その他,毛穴落ちシワ落ちしないパウダーはこれだ,推定（説明文ベース）
T037,TikTok,美容,伸びてる,ほのぴす🐰👑（@noponopisu2）,その他,スキンケア、化粧品の使用期限って守らなくても,推定（説明文ベース）
T038,TikTok,美容,伸びてる,mimi@美容家（@mimitan090909）,その他,2026年秋スキンケアで見つけた、1000円台とは思えない,推定（説明文ベース）
T039,TikTok,美容,伸びてる,たけたろう⏰TTちゃん（@taketaroutime）,その他,クレンジングってもう落とすだけじゃないんだ,推定（説明文ベース）
T040,TikTok,美容,伸びてる,せよ（@emiiseyo）,B,脂性肌に良いらしいプレップベース検証してみた,推定（説明文ベース）
T041,TikTok,美容,伸びてる,しゅう@コスメ日記（@shushu_223_）,B,見えないからって、背中ニキビ放置してない？,推定（説明文ベース）
T042,TikTok,美容,伸びてる,桃🍑｜Bismoreの女社長（@momo_bismore）,その他,【プチプラ】化粧品会社社長で美容のプロである私が,推定（説明文ベース）
T043,TikTok,美容,伸びてる,美容オタクのだべり（@daberi_biyou）,その他,クレンジングオイルでランキングつけてみた,推定（説明文ベース）
T044,TikTok,美容,伸びてる,資生堂 ビューティージャーニー（@shiseido.beauty.journey）,B,くすみやすい人はこれ使ってみて！！,推定（説明文ベース）
T045,TikTok,美容,伸びてる,美容オタクのダン（@dan_biyou）,その他,本当に買うべきクレンジングオイルはこれ,推定（説明文ベース）
T046,TikTok,美容,伸びてる,ちぴこ👩‍💻社畜美容オタクOL（@emme_make_cosme）,A,lakaの新作が可愛すぎる,推定（説明文ベース）
T047,TikTok,美容,伸びてる,ストイック過ぎるゆーだい（@yu____d04）,B,毎日メイクする乾燥敏感肌さんには,推定（説明文ベース）
T048,TikTok,美容,伸びてる,まろん（@maronayannyan）,B,皮脂が気になる混合肌・脂性肌さんは,推定（説明文ベース）
T049,TikTok,美容,伸びてる,梨木（@25_nsk_25）,A,機能に感動したダイソー新作コスメが優秀すぎた,推定（説明文ベース）
T050,TikTok,美容,伸びてる,ねね🧸バズコスメ愛好家（@nene_cosme_nene）,B,チーク塗ると毛穴が目立つ...そんな子に,推定（説明文ベース）
T051,TikTok,美容,伸び悩み,れおな（@reona.cosme_concierge）,A,キャプションは商品名・色名・使用感から入る,推定（説明文ベース）
T052,TikTok,美容,伸び悩み,AVANCE（@avance_cosmetics）,A,透明感爆上がりのコンシーラーを紹介,推定（説明文ベース）
T053,TikTok,美容,伸び悩み,VT cosmetics japan official（@vtcosmetics_jp_official）,その他,【重要】みんなチェックした？,推定（説明文ベース）
T054,TikTok,美容,伸び悩み,【公式】ネイチャーリパブリック ジャパン（@naturerepublicjapan）,その他,韓国スキンケアブランドで働く入社2年目,推定（説明文ベース）
T055,TikTok,美容,伸び悩み,アクシージア（@axxzia_jp）,その他,店舗紹介・季節のうるおいケア,推定（説明文ベース）
T056,TikTok,美容,伸び悩み,Fresca Skin（@frescaskin）,その他,UV-Aとは？」「SPFとは？,推定（説明文ベース）
T057,TikTok,美容,伸び悩み,【公式】スパトリートメント（@spatreatment.jp）,その他,その使い方、ちょっと待って！,推定（説明文ベース）
T058,TikTok,ペット,伸びてる,Panna（@azchpn）,その他,パンナとベアリのシャンプーDay Vlog,推定（説明文ベース）
T059,TikTok,ペット,伸びてる,北海道のポメみるち（@chachamaru7.15）,その他,くもこわい」「尊い,推定（説明文ベース）
T060,TikTok,ペット,伸びてる,獣医師 Justin（@justin_inuformation）,その他,ペット保険って、入ったほうがいい？,推定（説明文ベース）
T061,TikTok,ペット,伸びてる,むぎ（@mugi.mugi21）,その他,もう一度赤ちゃんむぎに会いたい,推定（説明文ベース）
T062,TikTok,ペット,伸びてる,🦦⸒⸒（@chuuuuuuru）,その他,おやちゅみ」「金曜日,推定（説明文ベース）
T063,TikTok,ペット,伸びてる,ゆい（@nekonoyuip）,その他,ドライヤー終わるの待ってます,推定（説明文ベース）
T064,TikTok,ペット,伸びてる,ネコチャン（@kawaii_nekochan_dayo）,不明,1コマ目の文字:不明（動画ページ未取得）,推定（説明文ベース）
T065,TikTok,ペット,伸びてる,Ponta1118（@ponta11184）,その他,画面文字「柴犬ぽんた」,推定（説明文ベース）
T066,TikTok,ペット,伸びてる,さくらわんこ（@06sakura03）,その他,大好きな人きたー🫶,推定（説明文ベース）
T067,TikTok,ペット,伸びてる,らいくんとどん兵衛（@raitodonbee）,その他,キャプションは状況説明短文,推定（説明文ベース）
T068,TikTok,ペット,伸びてる,特に柴犬が好きな人（@shiba_suki）,その他,抱き枕が立ったことに驚いて一瞬固まる愛犬,推定（説明文ベース）
T069,TikTok,ペット,伸びてる,白黒きょうだい（@lily.to.luna）,その他,リリーガチギレ⚡️,推定（説明文ベース）
T070,TikTok,ペット,伸びてる,ハートとロジャー（@iluvlu4）,その他,キャプションは長めの状況説明,推定（説明文ベース）
T071,TikTok,ペット,伸びてる,柴犬らいもん（@raimonthesnuggleshiba）,その他,柴犬さんのお風呂ルーティーン,推定（説明文ベース）
T072,TikTok,ペット,伸びてる,とん&ぺっぺこぺー（@tonochannels）,その他,武士」「出入り禁止,推定（説明文ベース）
T073,TikTok,ペット,伸びてる,うちの家族（@uchi_no_kazoku）,その他,直近は状況説明キャプション,推定（説明文ベース）
T074,TikTok,ペット,伸びてる,パグひまたん（@himahima0524）,その他,ちょっとだけよ〜♡,推定（説明文ベース）
T075,TikTok,ペット,伸びてる,sky family（@skyfamily0514）,その他,大好きな帽子を譲れない超大型犬,推定（説明文ベース）
T076,TikTok,ペット,伸びてる,🦈☀️🐕（@minami.yasuda）,その他,キャプションは状況説明,推定（説明文ベース）
T077,TikTok,ペット,伸びてる,にゃんこ日記（@neko6neko）,その他,キャプションは介護・旅立ちの長文,推定（説明文ベース）
T078,TikTok,ペット,伸びてる,よだれ（@frenchbulldog_yodare）,その他,stickersOnItemは空（見た2本）,推定（説明文ベース）
T079,TikTok,ペット,伸びてる,大福記録用（@mai.0831.d）,その他,僕、赤ちゃんの時どんなお顔だった,推定（説明文ベース）
T080,TikTok,ペット,伸びてる,柴犬ここ（@coco88273）,その他,今日のニンジン遊び🥕,推定（説明文ベース）
T081,TikTok,ペット,伸びてる,チワワののぶなが（@nobuchan0229）,その他,冷蔵庫見に行く柴犬ww②,推定（説明文ベース）
T082,TikTok,ペット,伸びてる,モモとおにぎり（@kuroshiba_momo0421）,その他,キャプションは短文あるある,推定（説明文ベース）
T083,TikTok,ペット,伸びてる,柴犬ポンと相棒N（@shibainu.pon）,その他,お店屋さんごっこ🐶🐾,推定（説明文ベース）
T084,TikTok,ペット,伸びてる,コッペパン　はな🐕🥖（@hanachi610）,その他,コッペパンHANA〜君がいるから〜,推定（説明文ベース）
T085,TikTok,ペット,伸びてる,柴犬 福（@happinessboy0104）,その他,マツキヨのお土産を貰い一芸を強要,推定（説明文ベース）
T086,TikTok,ペット,伸びてる,わんにゃん帝国🐶🫧🐈（@akaneco.10）,その他,寝ていいのに頑張って耐えてる,推定（説明文ベース）
T087,TikTok,ペット,伸びてる,あむあむらいふ🐱（@tanosikuikiyouze）,その他,キャプションは成長記録短文,推定（説明文ベース）
T088,TikTok,ペット,伸びてる,ミィたろすけ（@tarosuke000）,その他,本日の猫夫婦,推定（説明文ベース）
T089,TikTok,ペット,伸びてる,おっとりチワワのルーク（@873911.happyday）,その他,ルークの動画が記事になりました,推定（説明文ベース）
T090,TikTok,ペット,伸びてる,ぽぽ家の日常（@i.am.popochi）,その他,可愛すぎ注意⚠️,推定（説明文ベース）
T091,TikTok,ペット,伸びてる,フレブル ダグの日常（@dagu0801）,その他,キャプションは短文呼びかけ,推定（説明文ベース）
T092,TikTok,ペット,伸びてる,柴犬【ロック＆ボブ】🎸🐕（@shibarock4869）,その他,絆。」「おいしいパンになーれ。,推定（説明文ベース）
T093,TikTok,ペット,伸びてる,月見日和🌕（@tsukimi.biyori）,その他,キャプションは状況短文,推定（説明文ベース）
T094,TikTok,ペット,伸びてる,パピコ6歳（@papiko_0423）,その他,キャプションは状況短文,推定（説明文ベース）
T095,TikTok,ペット,伸びてる,柴犬スティーブ🍌（@shibainu_steve）,その他,キャプションは長文告知,推定（説明文ベース）
T096,TikTok,ペット,伸びてる,フレブルうに太【うにたちゃんねる】（@unita20240101）,その他,キャプションは状況あるある長め,推定（説明文ベース）
T097,TikTok,ペット,伸びてる,柴犬こむぎとボクの三浦半島（@shibaojisantomiurahantou）,その他,キャプションは散歩・あるある短文,推定（説明文ベース）
T098,TikTok,ペット,伸びてる,まめたろう（@mametaro_cat）,その他,いろいろな猫まとめ,推定（説明文ベース）
T099,TikTok,ペット,伸びてる,まん太（@mantakunn）,その他,一生懸命毛繕いをするも下手すぎる猫,推定（説明文ベース）
T100,TikTok,ペット,伸びてる,うみが食べるだけ（@umi_tabe）,その他,キャプションは状況短文,推定（説明文ベース）
T101,TikTok,ペット,伸びてる,ガブとラテ(スコ双子猫)（@gabu.latte）,その他,パパが嫌われる理由これ,推定（説明文ベース）
T102,TikTok,ペット,伸びてる,ある家族と、白い迷い猫。（@shiroi.mayoineko）,その他,商品なし（日常）,推定（説明文ベース）
T103,TikTok,ペット,伸びてる,ちあとひまわり（@cheer.himawari）,その他,キャプションは状況短文,推定（説明文ベース）
T104,TikTok,ペット,伸びてる,野犬兄弟🐶くうかい（@kukai_hogoken）,その他,大嫌いなお風呂🤣,推定（説明文ベース）
T105,TikTok,ペット,伸びてる,豆柴とらちゃん🐯（@shibadog_tora）,その他,今日ぼく、5歳になったよ,推定（説明文ベース）
T106,TikTok,ペット,伸びてる,保護猫ぱるむさん（@prm._.0729）,その他,ぱるむさんの食後ルーティン,推定（説明文ベース）
T107,TikTok,ペット,伸びてる,ninalog27（@ninalog27）,その他,商品なし（キャンプ・バイク日常）,推定（説明文ベース）
T108,TikTok,ペット,伸び悩み,らっくら家（@rakkuraya）,その他,ミオちゃんが扉を開けて,推定（説明文ベース）
T109,TikTok,ペット,伸び悩み,猫カフェちぐら（@catcafe_chigura）,その他,最後のお願い🤔,推定（説明文ベース）
T110,TikTok,ペット,伸び悩み,保護猫カフェさくら2号店（@cat_cafesakura2）,その他,手捏ね職人,推定（説明文ベース）
T111,TikTok,ペット,伸び悩み,保護猫　こてつとむぎの日常（@user1496173499154）,その他,この日の思い出,推定（説明文ベース）
T112,TikTok,ペット,伸び悩み,Aki☪︎*｡꙳✩.*˚（@w8ei5）,その他,仁義ない戦い!!,推定（説明文ベース）
T113,TikTok,ペット,伸び悩み,まるこ日和（@maru_papa）,その他,長文の動物福祉解説,推定（説明文ベース）
T114,TikTok,ペット,伸び悩み,猫村ココロ（@nekomuracocoro）,B,洗って4時間前につけたのに既にこれ,推定（説明文ベース）
T115,TikTok,ペット,伸び悩み,Country of 猫（@countryofneko）,その他,トルコ野良猫の短い見出し,推定（説明文ベース）
T116,TikTok,ペット,伸び悩み,ちゃむ@ペキニーズ（@cham_0914）,A,iicoのおやつ,推定（説明文ベース）
T117,TikTok,ペット,伸び悩み,こう＆ぽむ（@wakatiki82）,その他,やっちゃえ マッチポイント！,推定（説明文ベース）
T118,TikTok,ペット,伸び悩み,minoˊ˗（@mino.tokyo）,その他,カフェ紹介・レシピ・給餌器レビュー型,推定（説明文ベース）
T119,TikTok,ペット,伸び悩み,ミュウ姫、ちーちゃんとまめちゃん保護猫の日常（@user3661993948612）,その他,この日の思い出,推定（説明文ベース）
T120,TikTok,ペット,伸び悩み,🐣Sofa…❤️‍🔥❤️‍🩹🇯🇵（@vanillamilk.18）,その他,この日の思い出,推定（説明文ベース）
T121,TikTok,ペット,伸び悩み,Enabot Japan（@enabot.japan）,その他,見守りカメラの使い方見出し型,推定（説明文ベース）
T122,TikTok,ペット,伸び悩み,ぬこすけ（@nukosukekagishippo）,その他,鍵シッポはこうやって動きます,推定（説明文ベース）
T123,TikTok,ペット,伸び悩み,保護猫つゆとパパ（@tuyu.to.papa）,その他,どうやって布団入ったの！？,推定（説明文ベース）
T124,TikTok,ペット,伸び悩み,Rosette＋東大阪🐾ペット介護士&犬の整体師（@rosette_plus）,その他,ごえもんちゃん♡１４歳 納車日,推定（説明文ベース）
T125,TikTok,ペット,伸び悩み,わんママ｜動物介護士（@wanmama_fp）,その他,ハロウィン用にこれ買ったんだ,推定（説明文ベース）
T126,TikTok,ペット,伸び悩み,いわき甲斐楽園　下山（@user13881585481387）,その他,半年前の５月に捕獲した元野犬,推定（説明文ベース）
T127,TikTok,ペット,伸び悩み,ぱぺっと（@petshoppapet）,A,2027年愛犬カレンダー受付中,推定（説明文ベース）
T128,TikTok,ペット,伸び悩み,SmiletoHeart(にゃん)（@smiletoheart）,その他,営業案内・猫紹介見出し型,推定（説明文ベース）
T129,TikTok,ペット,伸び悩み,DogSalon sunnyflutterサニーフラッター（@sunnyflutter2）,その他,本日もトリミングご来店ありがとうございました,推定（説明文ベース）
T130,TikTok,ペット,伸び悩み,4cat_1dog_family（@4cat_1dog_family）,その他,キャプションは短い感想一文,推定（説明文ベース）
T131,TikTok,ペット,伸び悩み,雪さんちの猫達（@yukisanchinonekotachi）,その他,おはようございます」型,推定（説明文ベース）
T132,TikTok,ペット,伸び悩み,milk_sugar（@myfamily_0.0）,その他,キャプションは短い一文,推定（説明文ベース）
T133,TikTok,ペット,伸び悩み,プティノワ(ラテスパ取扱店🫧)（@petinowa）,その他,本日のプティノワだより,推定（説明文ベース）
T134,TikTok,ペット,伸び悩み,犬猫ちゃんの美容師めがねさんの妻（@kanmi00930）,その他,店名＋ファミリー紹介定型,推定（説明文ベース）
T135,TikTok,ペット,伸び悩み,大型犬6匹の日常（@nine9dog）,その他,まてチャレンジ,推定（説明文ベース）
T136,TikTok,ペット,伸び悩み,あなぐま（@anaguma42pomeko）,その他,保護犬預かり日記見出し型,推定（説明文ベース）
T137,TikTok,ペット,伸び悩み,そら(猫主)🐈🐾（@annyasonyaenya）,その他,乳歯が抜ける瞬間,推定（説明文ベース）
T138,TikTok,ペット,伸び悩み,DoghouseCharm（@doghousecharm5）,その他,この日の思い出,推定（説明文ベース）
T139,TikTok,ペット,伸び悩み,ペットサロンCANCAN（@userhs8yvssyec）,その他,ハロウィンチャレンジ🎃,推定（説明文ベース）
T140,TikTok,ペット,伸び悩み,小さな保護猫カフェ 香（@hogonekocafekaori）,その他,どしたん？,推定（説明文ベース）
T141,TikTok,ペット,伸び悩み,らんまる（@ranmaru240）,その他,おはようー！,推定（説明文ベース）
T142,TikTok,ペット,伸び悩み,amateras1116（@amateras1116）,その他,出勤する犬,推定（説明文ベース）
T143,TikTok,ペット,伸び悩み,ベコまま（@user1618522281349）,その他,A day in my life,推定（説明文ベース）
T144,TikTok,ペット,伸び悩み,にくまる ザ ワールド（@inu_baka）,その他,朝の不思議行動,推定（説明文ベース）
T145,TikTok,ペット,伸び悩み,りな姉（@rinanechan）,その他,保護犬カフェ紹介と感謝文,推定（説明文ベース）
T146,TikTok,ペット,伸び悩み,ぃょり（@iyori0313）,その他,ぃょです おはようございまぁす,推定（説明文ベース）
T147,TikTok,ペット,伸び悩み,🐶Gon🐶🐾（@orakodon.0209）,その他,おはブヒー,推定（説明文ベース）
T148,TikTok,ペット,伸び悩み,さんさんさんでぃー（@sandy_t_standardpoodle）,その他,おはよう🌼さんでぃー🌼,推定（説明文ベース）
I149,Instagram,美容,伸びてる,美容オタクのダン（dan.biyou）,その他,クレンジングオイル1軍〜3軍,推定（説明文ベース）
I150,Instagram,美容,伸びてる,Rinco（rincos_room）,B,最速でニキビを鎮めるルーティン,推定（説明文ベース）
I151,Instagram,美容,伸びてる,yuyu（y_miyong_）,その他,韓国で人気のクリームをお手入れ別に,推定（説明文ベース）
I152,Instagram,美容,伸びてる,らな（lana__cosme）,B,針苦手さんに朗報,推定（説明文ベース）
I153,Instagram,美容,伸びてる,華世（kayohada）,その他,あなたの毛穴は何毛穴？？,推定（説明文ベース）
I154,Instagram,美容,伸びてる,ひかる（hikaru_0177）,その他,オリヤン最新版✨買うべき名品まとめ,推定（説明文ベース）
I155,Instagram,美容,伸びてる,ハニ（hani_korea.cosme）,その他,秋用の化粧下地のリピあり⭕️リピなし❌,推定（説明文ベース）
I156,Instagram,美容,伸びてる,なみ（nami_ch）,その他,10代から愛用している信頼のアイテム,推定（説明文ベース）
I157,Instagram,美容,伸びてる,LDK the Beauty（ldk_the_beauty）,その他,老けない肌のスキンケアをご紹介しました,推定（説明文ベース）
I158,Instagram,美容,伸びてる,花王（kao_official_jp）,B,蓄積した歯のくすみ、どうケアしてる？,推定（説明文ベース）
I159,Instagram,美容,伸びてる,メディキューブ公式（medicube_officialjapan）,B,変わりやすい天気に、ゆらぎやすい肌に,推定（説明文ベース）
I160,Instagram,美容,伸びてる,Anua Japan（anua.jp）,C,キーボードを打ったらピーリングセラムが‼️,推定（説明文ベース）
I161,Instagram,美容,伸びてる,SENA（sena_biyou）,その他,毎日メイクする人ほど見直したい「メイクNG集3選」,推定（説明文ベース）
I162,Instagram,美容,伸びてる,ながれ（nagare_skin）,その他,【保存必須】クレンジングの選び方,推定（説明文ベース）
I163,Instagram,美容,伸びてる,化粧品子（keshouhinko1225）,A,"13,200円のトムフォードとセザンヌ693円が酷似",推定（説明文ベース）
I164,Instagram,美容,伸びてる,韓国オンニ（choa_cosme）,その他,Qoo10サンプルハウスに早速突撃,推定（説明文ベース）
I165,Instagram,美容,伸びてる,アスカ（asuka_skincare）,A,FLORODORAに注目,推定（説明文ベース）
I166,Instagram,美容,伸びてる,アルブラン公式（alblanc_jp）,B,毛穴の目立ちが気になる方必見,推定（説明文ベース）
I167,Instagram,美容,伸びてる,勝也（s_katsuya_）,B,肌ボロボロな男子vs肌加工してるような男子,推定（説明文ベース）
I168,Instagram,美容,伸びてる,しゅう（shushu_223_）,その他,美容医療後、どんなスキンケア使ってる？,推定（説明文ベース）
I169,Instagram,美容,伸びてる,美容オタクのだべり（daberi_biyou）,その他,【シャンプー採点】,推定（説明文ベース）
I170,Instagram,美容,伸びてる,ユウネ（give_me_jishin）,その他,紹介したコスメはキャプション,推定（説明文ベース）
I171,Instagram,美容,伸びてる,LIPS（lipsjp）,その他,このカラー名、まさか…黒の…？,推定（説明文ベース）
I172,Instagram,美容,伸びてる,がよん（gyeon.yn）,その他,韓国の薬剤師さんにおすすめされた購入品紹介,推定（説明文ベース）
I173,Instagram,美容,伸びてる,ナラ（keana_nara）,B,同じ角栓毛穴でも選びたい化粧水は変わる,推定（説明文ベース）
I174,Instagram,美容,伸びてる,エリクシール公式（elixir_official_japan）,A,新・トータルV クリームの新しくなったメソッド,推定（説明文ベース）
I175,Instagram,美容,伸びてる,なぎ｜スキンケア研究室（nagi.skincare）,その他,1本持っておくだけで便利,推定（説明文ベース）
I176,Instagram,美容,伸びてる,ナンバーズイン日本公式（numbuzin_official_jp）,A,1・5・9番バブルパックがついにオフライン登場,推定（説明文ベース）
I177,Instagram,美容,伸びてる,ミレの日常（mire_k_23）,その他,キャプションは使用感の感想文,推定（説明文ベース）
I178,Instagram,美容,伸びてる,オルビス公式（orbis_jp）,その他,9月1日に重大告知,推定（説明文ベース）
I179,Instagram,美容,伸びてる,なめらか本舗公式（nameraka_honpo）,A,なめらか本舗の化粧水・乳液 つめかえ方のコツ,推定（説明文ベース）
I180,Instagram,美容,伸びてる,マキア編集部（maquia.magazine）,A,あのB.Aから3代目のアイクリームが登場,推定（説明文ベース）
I181,Instagram,美容,伸びてる,桃｜Bismore（momo_bismore）,その他,神美容液を紹介します,推定（説明文ベース）
I182,Instagram,美容,伸びてる,うさよし（usayoshi_cosme）,その他,「ジェネリックスキンケア」は果たしてあるのか,推定（説明文ベース）
I183,Instagram,美容,伸びてる,美容オタクのタカ（taka_mens_beauty）,その他,【最強毛穴ケア】,推定（説明文ベース）
I184,Instagram,美容,伸びてる,やけくそマン（yakekuso_dayo）,B,金ドブパック買わないように気をつけてね！,推定（説明文ベース）
I185,Instagram,美容,伸びてる,はく（haku_k_skincare）,その他,桁バグビタミンって知ってる？,推定（説明文ベース）
I186,Instagram,美容,伸びてる,美的（bitekicom）,その他,読者のスキンケア悩みにお答え,推定（説明文ベース）
I187,Instagram,美容,伸びてる,ゆん（yun.skincare_）,A,メラノCCとオバジC10｜私がオバジを選ぶ理由,推定（説明文ベース）
I188,Instagram,美容,伸びてる,佐川かほ（kaho.skincare）,その他,早く知りたかったNG美容ランキング！,推定（説明文ベース）
I189,Instagram,美容,伸びてる,イハダ公式（ihada_jp）,その他,私たちの夏の肌を支える、推しアイテム,推定（説明文ベース）
I190,Instagram,美容,伸びてる,ルルルン公式（lululun_jp）,その他,全国発売スタート💚✨,推定（説明文ベース）
I191,Instagram,美容,伸びてる,SKIN1004 Japan（skin1004_japan）,その他,夏の終わり、秋のはじまり,推定（説明文ベース）
I192,Instagram,美容,伸びてる,明色化粧品公式（meishoku_corporation）,A,今しか手に入らない「美顔水ミラーチャーム」,推定（説明文ベース）
I193,Instagram,美容,伸びてる,マツキヨココカラ公式（matsukiyococokara）,B,毛穴・テカリが気になる肌に！,推定（説明文ベース）
I194,Instagram,美容,伸びてる,VOCE編集部（vocemagazine）,A,【#ミノン】見落としがちな“頭皮の保湿”,推定（説明文ベース）
I195,Instagram,美容,伸びてる,ふちこ（fuchico3）,その他,コストコ行ったら即チェック,推定（説明文ベース）
I196,Instagram,美容,伸びてる,友利新（aratatomori）,その他,クレンジングの名品をアイテム別で解説しました,推定（説明文ベース）
I197,Instagram,美容,伸びてる,とまと村長（tomato4researcher）,その他,ドラストなどで買える高機能ブライトニングミルク,推定（説明文ベース）
I198,Instagram,美容,伸びてる,トリデン日本公式（torriden_jp）,A,Torriden DEEP DIVE IN Express,推定（説明文ベース）
I199,Instagram,美容,伸び悩み,Puremer｜ピュアメル（@puremer_japan）,A,Puremer リセットVitaC美容液購入方法,推定（説明文ベース）
I200,Instagram,美容,伸び悩み,CAC（シーエーシー）｜無添加スキンケア（@cac_cosme.official）,A,CAC ジェルローション紹介,推定（説明文ベース）
I201,Instagram,美容,伸び悩み,CC1｜シーシーワン【公式】（@cc1_cosmetics）,A,この洗顔、じつは車を磨く会社から生まれた,推定（説明文ベース）
I202,Instagram,美容,伸び悩み,エバメール（@evermere001）,B,詰替えの時に容器に残っちゃうのがストレス,推定（説明文ベース）
I203,Instagram,美容,伸び悩み,スパトリートメント(Spa treatment)（@spatreatment.jp）,A,ラッピングシート/マスク一般販売開始,推定（説明文ベース）
I204,Instagram,美容,伸び悩み,KATWRA公式｜カツウラ化粧品（@katwra_official）,その他,『肌灯』は第1話から,推定（説明文ベース）
I205,Instagram,美容,伸び悩み,FRMA（@frma.earth）,A,FRMAオススメです,推定（説明文ベース）
I206,Instagram,ペット,伸びてる,黒柴ひなたsan（@hinata6.1.5）,その他,商品なし（日常）,推定（説明文ベース）
I207,Instagram,ペット,伸びてる,猫達とハスキー大福（@fu_taro22）,その他,商品なし（クレート日常。PR型ではない）,推定（説明文ベース）
I208,Instagram,ペット,伸びてる,BARON（@baron.617）,その他,商品なし（保護記録）,推定（説明文ベース）
I209,Instagram,ペット,伸びてる,サモエドのオル（@olu_the_samoyed）,その他,Our boi grew up so fast,推定（説明文ベース）
I210,Instagram,ペット,伸びてる,天使のテンちゃん（@pomeranian_tenchan）,その他,商品なし（実家お預け日常）,推定（説明文ベース）
I211,Instagram,ペット,伸びてる,シュナウザー4兄妹（@gjcp_club3636）,その他,情熱シュナウザー 第N話,推定（説明文ベース）
I212,Instagram,ペット,伸びてる,まーやとモックとツッキの日常（@nimax117）,その他,商品なし（昼寝・箱入り犬あるある）,推定（説明文ベース）
I213,Instagram,ペット,伸びてる,めいじんです（@bokuchin_meijin）,その他,わん、だ、と、、？,推定（説明文ベース）
I214,Instagram,ペット,伸びてる,太郎（@tarop_0817）,その他,商品なし（日常）,推定（説明文ベース）
I215,Instagram,ペット,伸びてる,おじじとめぴ（@ojiji_vets_life）,その他,商品なし（添い寝成長記録）,推定（説明文ベース）
I216,Instagram,ペット,伸びてる,Yuki_ JAPAN_Princess（@yuki_omshantis）,その他,トドが2匹,推定（説明文ベース）
I217,Instagram,ペット,伸びてる,くるる🐾サイベリアンのもふもふ日記（@chacha.kr_u.x）,その他,商品なし（日常）,推定（説明文ベース）
I218,Instagram,ペット,伸びてる,Kana-Iso（@isosan24）,その他,商品なし（保護成長記録）,推定（説明文ベース）
I219,Instagram,ペット,伸びてる,おさるちゃん（@osaruchan22）,その他,何故そこで寝る,推定（説明文ベース）
I220,Instagram,ペット,伸びてる,ヒミとお茶子とパパの日常（@mameshiba_o.h）,その他,商品なし（日常じゃれ合い）,推定（説明文ベース）
I221,Instagram,ペット,伸びてる,ゴールデンエマの飼い主出雲（@goldenema415）,その他,ぬいぐるみ（犬おもちゃ）を被写体,推定（説明文ベース）
I222,Instagram,ペット,伸びてる,Rumi（@rumi419）,その他,DJおもちゃを主役小道具,推定（説明文ベース）
I223,Instagram,ペット,伸びてる,津田 夏海｜動物看護師×ドッグトレーナー（@natsumi.tsuda）,その他,商品なし（競技・日常）,推定（説明文ベース）
I224,Instagram,ペット,伸びてる,もえまつの森（@shoomatu0610）,その他,商品なし（プール日常）,推定（説明文ベース）
I225,Instagram,ペット,伸びてる,いくらちゃん（@ikurachan.7112）,その他,商品なし（箱遊び・日常）,推定（説明文ベース）
I226,Instagram,ペット,伸びてる,yuzukaka（@goldenuzboy）,その他,ボク、ここに残ります。,推定（説明文ベース）
I227,Instagram,ペット,伸びてる,Nico（@nico_yorkie_dog）,その他,販売PR表記なし,推定（説明文ベース）
I228,Instagram,ペット,伸びてる,ゴールデンレトリバー あらん（@aran_diary0505）,その他,あらんいつもありがとう,推定（説明文ベース）
I229,Instagram,ペット,伸びてる,にこえまちゃん（@st.nico1224）,その他,商品なし（お迎え記録）,推定（説明文ベース）
I230,Instagram,ペット,伸びてる,おっとりチワワのルーク（@873911.happyday）,その他,商品なし（トリミング後の日常）,推定（説明文ベース）
I231,Instagram,ペット,伸びてる,暖（@dan.golden1201）,その他,販売PRではない,推定（説明文ベース）
I232,Instagram,ペット,伸びてる,アメリカンブリー アトム&レティ&ラブ（@americanbully_atom0106）,その他,【永久保存版】,推定（説明文ベース）
I233,Instagram,ペット,伸びてる,おもっちゃん（@omochi_251220）,その他,うとうと,推定（説明文ベース）
I234,Instagram,ペット,伸びてる,たら、てん。猫です。（@iamtara0301）,その他,商品なし（兄猫の毛づくろい）,推定（説明文ベース）
I235,Instagram,ペット,伸びてる,むぅ助（@h.yuuko08）,その他,奇跡のシンクロ✨,推定（説明文ベース）
I236,Instagram,ペット,伸びてる,ちゅちゅ（@chu.chu0920）,その他,販売PR表記なし,推定（説明文ベース）
I237,Instagram,ペット,伸びてる,豆柴 そら（@soragram515）,その他,商品なし（成長記録）,推定（説明文ベース）
I238,Instagram,ペット,伸びてる,しらす（@shirasu_nogohan）,その他,キャットホイールの使い方がレベル100になりました,推定（説明文ベース）
I239,Instagram,ペット,伸びてる,ロン（Ron）（@ronroom2021）,その他,商品なし（散歩嫌い日常）,推定（説明文ベース）
I240,Instagram,ペット,伸びてる,ルア｜犬を溺愛する夫婦暮らし（@lua_kurashi_）,その他,うちのコ記念日,推定（説明文ベース）
I241,Instagram,ペット,伸びてる,YOKOZUNA 横綱（@yokozuna_lab）,その他,販売PR表記なし,推定（説明文ベース）
I242,Instagram,ペット,伸びてる,atsuko_matsushita（@lomilomi_secretgarden）,その他,商品なし（トリミング帰宅・盲犬散歩）,推定（説明文ベース）
I243,Instagram,ペット,伸びてる,@jun_tane_volunteer,その他,キャプション長文（保護経緯）,推定（説明文ベース）
I244,Instagram,ペット,伸びてる,@_randy0601,その他,あっ!! 誰か来た,推定（説明文ベース）
I245,Instagram,ペット,伸びてる,しばいぬ ふわ（@rion7849）,その他,人間みたいな柴犬,推定（説明文ベース）
I246,Instagram,ペット,伸びてる,あむうにごま（@amuuni_goma）,その他,『ご飯』って言うとお返事するちびあむ,推定（説明文ベース）
I247,Instagram,ペット,伸びてる,@kuku.yoyo_boy,その他,60日内は保護日常,推定（説明文ベース）
I248,Instagram,ペット,伸びてる,y.h（@yuikappi）,その他,商品なし（保護子猫と兄妹）,推定（説明文ベース）
I249,Instagram,ペット,伸びてる,コタロウ&ユズ&ルナ（@kotaro_and_yuzu）,その他,こんなことになるとは思わなかった,推定（説明文ベース）
I250,Instagram,ペット,伸びてる,ミーアキャットのティンバ（@_i_am_timba_）,その他,日常本は短文,推定（説明文ベース）
I251,Instagram,ペット,伸び悩み,猫カフェいろり 静岡県藤枝市（@catcafe_irori）,その他,保護猫譲渡型猫カフェいろりです,推定（説明文ベース）
I252,Instagram,ペット,伸び悩み,Enabot Japan（@enabot.japan）,その他,ひとり運動会」「おうちキャンプ,推定（説明文ベース）
I253,Instagram,ペット,伸び悩み,ここまる（@lovelovecocomaru）,その他,甘えん坊の流儀／階段トレーニング,推定（説明文ベース）
I254,Instagram,ペット,伸び悩み,保護猫カフェあみ　トリミングサロンあみ（@ami_salon5006）,その他,本日もお待ちしてます,推定（説明文ベース）
I255,Instagram,ペット,伸び悩み,Stay_gold（@stay_gold0928）,その他,ルトです」「ちょびです,推定（説明文ベース）
I256,Instagram,ペット,伸び悩み,保護猫のティアハイム伊都にゃーご（@ito.1212）,その他,こんにちは。伊都にゃーごです。,推定（説明文ベース）
I257,Instagram,ペット,伸び悩み,横浜で人気のトリミングサロン＆ホテル&幼稚園DOGGIEsHEART（@petsalon_doggiesheart）,その他,本日のワンちゃんフォト🐩✂️サロン編,推定（説明文ベース）
I258,Instagram,ペット,伸び悩み,DOG HAIR STUDIO KEN（@dog_hair_studio_ken）,その他,✳️ペットサロン／ペットホテル,推定（説明文ベース）
I259,Instagram,ペット,伸び悩み,CRAZY★DOG（@crazydog_okinawa_trimming）,その他,ご来店ありがとうございました,推定（説明文ベース）
I260,Instagram,ペット,伸び悩み,ドッグサロン ✂︎ CHI-MEY(ちーみー)（@dogsalon_chi_mey）,その他,cover model ○○ちゃん,推定（説明文ベース）
I261,Instagram,ペット,伸び悩み,トータルケアドッグサロン　ワンズ（@totalcaredogsalon.wans）,その他,☆犬名ちゃん,推定（説明文ベース）
I262,Instagram,ペット,伸び悩み,トリミングサロン Monomona（@trimmingsalon_monomona）,その他,本日もご来店いただきありがとうございます,推定（説明文ベース）
I263,Instagram,ペット,伸び悩み,PET-SPA 浦和店（@petspa_urawa）,その他,今日のホテル♪／今日のトリミング,推定（説明文ベース）
I264,Instagram,ペット,伸び悩み,福島市　ドッグサロンBonheurボヌール（@bonheur9096）,その他,ご来店ありがとうございました☆,推定（説明文ベース）
I265,Instagram,ペット,伸び悩み,Pet salon Vanda（@petsalonvanda）,その他,✨vandaのお客様✨,推定（説明文ベース）
I266,Instagram,ペット,伸び悩み,Dog Salon ＣｏＣｏ（@dogsalon_coco7001）,その他,ご来店ありがとうございました,推定（説明文ベース）
I267,Instagram,ペット,伸び悩み,✂︎DogSalon🐾ChouChou🐩（@dogsalon.chouchou）,その他,犬名＋ご来店ありがとうございました,推定（説明文ベース）
I268,Instagram,ペット,伸び悩み,越谷市　犬のとこやさんなごみ（@inutoko_nagomi）,その他,犬名＋長文のサロン理念,推定（説明文ベース）
I269,Instagram,ペット,伸び悩み,p's-one (ピーズワン)（@dog_house_p.sone）,その他,いつもありがとうございます,推定（説明文ベース）
I270,Instagram,ペット,伸び悩み,保護猫カフェSmile to Heart（@hogoneko_sth）,その他,営業案内または短い猫エピソード,推定（説明文ベース）
Y271,YouTube,美容,伸びてる,@EGA.channel,その他,汚い肌を見せている訳ではない。笑,推定（説明文ベース）
Y272,YouTube,美容,伸びてる,@BMYuya,不明,(タイトル例なし),推定（説明文ベース）
Y273,YouTube,美容,伸びてる,@shushu_223_,不明,(タイトル例なし),推定（説明文ベース）
Y274,YouTube,美容,伸びてる,@megumi_kanzaki,A,シュワシュワ弾ける炭酸パック,推定（説明文ベース）
Y275,YouTube,美容,伸びてる,@hyuk6509,不明,(タイトル例なし),推定（説明文ベース）
Y276,YouTube,美容,伸びてる,@kobatomo_skin_academy,B,この爪、放置して大丈夫？,推定（説明文ベース）
Y277,YouTube,美容,伸びてる,@smishow01,不明,(タイトル例なし),推定（説明文ベース）
Y278,YouTube,美容,伸びてる,@sakimegu_beauty,B,【涙袋がない人必見】,推定（説明文ベース）
Y279,YouTube,美容,伸びてる,@nobechan_0209,不明,(タイトル例なし),推定（説明文ベース）
Y280,YouTube,美容,伸びてる,@Toshikun1,A,ワンエスティ初のクレンジングオイル,推定（説明文ベース）
Y281,YouTube,美容,伸びてる,@seibun_otakuchan,B,口臭に悩んでる人は,推定（説明文ベース）
Y282,YouTube,美容,伸びてる,@ryota_kazemura_official,不明,(タイトル例なし),推定（説明文ベース）
Y283,YouTube,美容,伸びてる,@wakunobu,B,アトピー・敏感肌にオススメ,推定（説明文ベース）
Y284,YouTube,美容,伸びてる,@nagi.skincare,その他,美白ルーティン,推定（説明文ベース）
Y285,YouTube,美容,伸びてる,@tomato4researcher,A,キュレルのノンケミカル日焼け止め,推定（説明文ベース）
Y286,YouTube,美容,伸びてる,@えりりんちゃんねる医師上原恵,不明,(タイトル例なし),推定（説明文ベース）
Y287,YouTube,美容,伸びてる,@tenma_youtube,その他,垢抜けるなら 「眉」なんだよね〜,推定（説明文ベース）
Y288,YouTube,美容,伸びてる,@nagare_skin,その他,【保存必須】汚れたパフの洗い方,推定（説明文ベース）
Y289,YouTube,美容,伸びてる,@erimeiji,その他,これ程上手い店は見つからない,推定（説明文ベース）
Y290,YouTube,美容,伸びてる,@porelesslabo,B,いちご鼻をなんとかしたくて,推定（説明文ベース）
Y291,YouTube,美容,伸びてる,@aratatomori,不明,(タイトル例なし),推定（説明文ベース）
Y292,YouTube,美容,伸びてる,@ikemenseizoki,B,肌のブツブツが悩みで,推定（説明文ベース）
Y293,YouTube,美容,伸びてる,@bisoshin,その他,毛穴がスッキリする動画,推定（説明文ベース）
Y294,YouTube,美容,伸びてる,@tomomi-suzuki,その他,秋も日焼け対策頑張るぞ〜,推定（説明文ベース）
Y295,YouTube,美容,伸びてる,@散財ちゃん-b1r,その他,使ったのはこれだけ！,推定（説明文ベース）
Y296,YouTube,美容,伸びてる,@maryhatsumi,B,肌荒れだらけの肌が,推定（説明文ベース）
Y297,YouTube,美容,伸びてる,@朝から晩まで崩せないんじゃ,B,同じ悩みの子はこれ使って,推定（説明文ベース）
Y298,YouTube,美容,伸びてる,@happy39,B,本当にそれで合ってる？,推定（説明文ベース）
Y299,YouTube,美容,伸びてる,@kana-j6o,A,無印のこれで片側だけ,推定（説明文ベース）
Y300,YouTube,美容,伸びてる,@beauty_shidax,その他,Qoo10メガ割買うべきアイテム,推定（説明文ベース）
Y301,YouTube,美容,伸びてる,@momo_bismore,その他,夏も終わったのでシミ焼いてきました,推定（説明文ベース）
Y302,YouTube,美容,伸びてる,@sumire01,A,お肌ちゅるちゅるになる美容液見つけた,推定（説明文ベース）
Y303,YouTube,美容,伸びてる,@千鶴子忍田,B,シミが濃くなってしまった人必見,推定（説明文ベース）
Y304,YouTube,美容,伸びてる,@akarin_akanuke,B,毛穴やくすみ乾燥やら肌悩みも多,推定（説明文ベース）
Y305,YouTube,美容,伸びてる,@biyou.sakuraipeel,その他,娘に付き合わされて,推定（説明文ベース）
Y306,YouTube,美容,伸びてる,@YUI-v6w,その他,10日間自分磨きしたら,推定（説明文ベース）
Y307,YouTube,美容,伸びてる,@かの正直レビュー,A,チャプトナインから出た新作のクリーム,推定（説明文ベース）
Y308,YouTube,美容,伸びてる,@arafifbiyo,その他,ホワイトニングを検証してみた,推定（説明文ベース）
Y309,YouTube,美容,伸び悩み,@dr.4913,B,ワキガが気になる方へ,推定（説明文ベース）
Y310,YouTube,美容,伸び悩み,@yumim_o,その他,買って後悔しない3選,推定（説明文ベース）
Y311,YouTube,美容,伸び悩み,@100均コスメプチプラコスメLOVE,A,#PR SHEIN,推定（説明文ベース）
Y312,YouTube,美容,伸び悩み,@japanfresca1796,その他,アルコールとは,推定（説明文ベース）
Y313,YouTube,美容,伸び悩み,@risa4cosme,B,高保湿ケアしてるのに、戻らない人注目！,推定（説明文ベース）
Y314,YouTube,美容,伸び悩み,@asabeautyman,B,薄毛が気になり始めた人へ,推定（説明文ベース）
Y315,YouTube,美容,伸び悩み,@hustlemommych,その他,SKINCARE NEWS,推定（説明文ベース）
Y316,YouTube,美容,伸び悩み,@rirahyumu,その他,未来の美しさは、今日の一滴から,推定（説明文ベース）
Y317,YouTube,美容,伸び悩み,@milkybloom_koharu,B,ファンデが浮く日は,推定（説明文ベース）
Y318,YouTube,美容,伸び悩み,@statslog2026,その他,Qoo10と楽天で差は480円,推定（説明文ベース）
Y319,YouTube,美容,伸び悩み,@mirobeena,B,何を塗っても乾く人へ,推定（説明文ベース）
Y320,YouTube,ペット,伸びてる,@maronotoko,不明,(タイトル例なし),推定（説明文ベース）
Y321,YouTube,ペット,伸びてる,@Pecoチャンネルさん,その他,一緒に歌ってみよう,推定（説明文ベース）
Y322,YouTube,ペット,伸びてる,@liliai-l5f,その他,水たまりで船に乗ろうとした結果,推定（説明文ベース）
Y323,YouTube,ペット,伸びてる,@panol_japan,その他,胸張るの上手すぎてAIにしか見えない猫,推定（説明文ベース）
Y324,YouTube,ペット,伸びてる,@shibainurock4869,その他,家族になるという事。,推定（説明文ベース）
Y325,YouTube,ペット,伸びてる,@dobutsu_ranking,その他,世界一かわいい猫ランキング,推定（説明文ベース）
Y326,YouTube,ペット,伸びてる,@Hakoiri-Cookie,その他,ゴムゴムの実を食べちゃった愛犬,推定（説明文ベース）
Y327,YouTube,ペット,伸びてる,@nobuchan0229,その他,微動だにしない柴犬w,推定（説明文ベース）
Y328,YouTube,ペット,伸びてる,@rey-kina,その他,愛犬が2歳児に抱きつかれてました,推定（説明文ベース）
Y329,YouTube,ペット,伸びてる,@うにえびとろちゃんねる,その他,どうも、プロニートです,推定（説明文ベース）
Y330,YouTube,ペット,伸びてる,@Atsushi_TRNB,その他,飼い主の鳴き真似にダマされる猫,推定（説明文ベース）
Y331,YouTube,ペット,伸びてる,@cattuber1122,その他,野犬の子犬　お名前募集,推定（説明文ベース）
Y332,YouTube,ペット,伸びてる,@animofujp,その他,猫のほっぺを揉んだらゴロゴロが止まらない,推定（説明文ベース）
Y333,YouTube,ペット,伸びてる,@jijieatcat,その他,黒猫ジジのASMR〜カレー〜,推定（説明文ベース）
Y334,YouTube,ペット,伸びてる,@kittenchannel,その他,子猫が膝に飛び乗ってはしゃぐのがかわい過ぎる,推定（説明文ベース）
Y335,YouTube,ペット,伸びてる,@もふもふ事件簿,その他,病院で暴れる猫を封印する方法,推定（説明文ベース）
Y336,YouTube,ペット,伸びてる,@dogs_puppies_petlovers,その他,会った瞬間、お友達にハグする犬が可愛すぎる,推定（説明文ベース）
Y337,YouTube,ペット,伸びてる,@sakur_ailab,その他,あの黒猫の、はじまりの物語,推定（説明文ベース）
Y338,YouTube,ペット,伸びてる,@mofutomo_chan,その他,数百匹の羊を一瞬でまとめるボーダーコリー,推定（説明文ベース）
Y339,YouTube,ペット,伸びてる,@もふバズ0w0,その他,山を進んだ先でお互いフリーズ,推定（説明文ベース）
Y340,YouTube,ペット,伸びてる,@shiroi.mayoineko2023,その他,今のシロ。,推定（説明文ベース）
Y341,YouTube,ペット,伸びてる,@happy_happiness_animal,その他,シベリアンハスキーが色んな表情を見せてくれる,推定（説明文ベース）
Y342,YouTube,ペット,伸びてる,@mike_noritama,その他,朝ごはんをつまむミケ,推定（説明文ベース）
Y343,YouTube,ペット,伸びてる,@UniMugiHachiChannel,その他,耳掃除が気持ち良すぎて寝ちゃう子猫,推定（説明文ベース）
Y344,YouTube,ペット,伸びてる,@KotaMio,その他,高速で何かを喋りかける愛犬,推定（説明文ベース）
Y345,YouTube,ペット,伸びてる,@rikusora_cat,A,話題のコメリの猫砂を使ってみた,推定（説明文ベース）
Y346,YouTube,ペット,伸びてる,@ccchisa76,その他,キャットタワーを一瞬で駆け上がる,推定（説明文ベース）
Y347,YouTube,ペット,伸びてる,@トイプードルのてーちゃん,その他,ブロッコリー祭り,推定（説明文ベース）
Y348,YouTube,ペット,伸びてる,@oyabaka,C,こっそり帰宅したら親猫と子猫がこうなってた,推定（説明文ベース）
Y349,YouTube,ペット,伸びてる,@lemonch0517,その他,たんぽぽの綿毛みたい！と言われるポメラニアン,推定（説明文ベース）
Y350,YouTube,ペット,伸びてる,@10Cats,その他,脚立に乗って鳴くMomo,推定（説明文ベース）
Y351,YouTube,ペット,伸びてる,@catcafemocha,その他,猫が安心する抱っこの方法,推定（説明文ベース）
Y352,YouTube,ペット,伸びてる,@Wangwangmeem,その他,脱走を試みた牛 vs ボーダーコリー,推定（説明文ベース）
Y353,YouTube,ペット,伸びてる,@sekainodoubutsugekijyou,その他,4番目だけブチギレた理由,推定（説明文ベース）
Y354,YouTube,ペット,伸びてる,@DoubutsunoSe-kai,その他,骨ガムを奪われた大型犬の反応,推定（説明文ベース）
Y355,YouTube,ペット,伸びてる,@bishasekaikaeru,その他,ボーダーコリーは軟体動物なのかもしれない,推定（説明文ベース）
Y356,YouTube,ペット,伸びてる,@yasashiiashioto,不明,(タイトル例なし),推定（説明文ベース）
Y357,YouTube,ペット,伸びてる,@毎日どうぶつ爆笑,不明,(タイトル例なし),推定（説明文ベース）
Y358,YouTube,ペット,伸びてる,@sararinoha,その他,仲裁犬パトロール中,推定（説明文ベース）
Y359,YouTube,ペット,伸びてる,@moriweek,その他,歯医者に行く準備を一人でしてる猫,推定（説明文ベース）
Y360,YouTube,ペット,伸びてる,@可愛い動物の物語,その他,フレブル赤ちゃんの可愛すぎる勘違い,推定（説明文ベース）
Y361,YouTube,ペット,伸びてる,@-shibainufuku-4624,その他,BTSを熱唱する若福,推定（説明文ベース）
Y362,YouTube,ペット,伸びてる,@サクッと雑学-b7t,その他,ドッグショーの審査員を撃沈させた犬,推定（説明文ベース）
Y363,YouTube,ペット,伸びてる,@もふモン-o7r,その他,初日から飼い主の手にメロメロな子猫,推定（説明文ベース）
Y364,YouTube,ペット,伸びてる,@コハ家,その他,もう、頑張らなくて良いんだよ。,推定（説明文ベース）
Y365,YouTube,ペット,伸びてる,@幸せAnimal,その他,子犬の命を救うため母犬が起こした行動,推定（説明文ベース）
Y366,YouTube,ペット,伸びてる,@gomanekocat,その他,デスクの上がステージだと思っている猫,推定（説明文ベース）
Y367,YouTube,ペット,伸びてる,@Sseltabugs,その他,1000万人を爆笑させたカップル,推定（説明文ベース）
Y368,YouTube,ペット,伸びてる,@MEMESTORY7,その他,うちわと戦うおバカな猫,推定（説明文ベース）
Y369,YouTube,ペット,伸びてる,@にゃんぱんちPunch,その他,船員に志願した猫の乗船方法,推定（説明文ベース）
Y370,YouTube,ペット,伸びてる,@かわいいしか勝たん,C,中をのぞくと…,推定（説明文ベース）
Y371,YouTube,ペット,伸びてる,@主役はアニマル,その他,おやつが少なくてブチギレるコーギー,推定（説明文ベース）
Y372,YouTube,ペット,伸びてる,@世界をかじる,その他,入り口で眠る子犬に、お店の人がしたこと,推定（説明文ベース）
Y373,YouTube,ペット,伸びてる,@cutest_puppies_petlovers,その他,『食べる？』に必死で答える柴犬,推定（説明文ベース）
Y374,YouTube,ペット,伸びてる,@mumu_log_cat,その他,今日もママに遊んでアピール,推定（説明文ベース）
Y375,YouTube,ペット,伸びてる,@ゆるふわ動物園-g9g,その他,華金の定時退社直後の 私,推定（説明文ベース）
Y376,YouTube,ペット,伸びてる,@choppichannel,その他,子犬の寝顔は天使ですよね,推定（説明文ベース）
Y377,YouTube,ペット,伸びてる,@chachamaru_tannsoku,その他,誰が主役か分からなくなった誕生日,推定（説明文ベース）
Y378,YouTube,ペット,伸びてる,@ntubertsukushi,その他,#おもしろ #アテレコ,推定（説明文ベース）
Y379,YouTube,ペット,伸びてる,@pomeranian-mugi,その他,小さなポメラニアンの捕食シーン,推定（説明文ベース）
Y380,YouTube,ペット,伸びてる,@PeakorCooked,その他,足のニオイでフリーズする猫ランキング,推定（説明文ベース）
Y381,YouTube,ペット,伸びてる,@cinnamonmon,その他,みみみのみいちゃんの家猫生活,推定（説明文ベース）
Y382,YouTube,ペット,伸びてる,@いろは-f8r,その他,散歩中に自給自足で夕飯を調達した猫,推定（説明文ベース）
Y383,YouTube,ペット,伸びてる,@sharon999999999,その他,可愛すぎる犬トップ3,推定（説明文ベース）
Y384,YouTube,ペット,伸びてる,@riritan-neru.,その他,退治されたゴキブリを一緒に探す,推定（説明文ベース）
Y385,YouTube,ペット,伸びてる,@hibachi_tsuzura,その他,「公園行くの？」「ウン」,推定（説明文ベース）
Y386,YouTube,ペット,伸びてる,@車椅子犬ルーさんちゅーぶ,その他,自分の足で歩ける幸せ,推定（説明文ベース）
Y387,YouTube,ペット,伸びてる,@ここをチェック-x1h,不明,(タイトル例なし),推定（説明文ベース）
Y388,YouTube,ペット,伸びてる,@okoge_corgi,その他,新しいもの好きのコーギー,推定（説明文ベース）
Y389,YouTube,ペット,伸びてる,@Fuku_channel1201,その他,夏のお散歩は朝が早い,推定（説明文ベース）
Y390,YouTube,ペット,伸びてる,@kawaiigakatsu,その他,ワニおもちゃを買ってあげたんだけど,推定（説明文ベース）
Y391,YouTube,ペット,伸びてる,@mongpet_jp,その他,このあと取った行動が…,推定（説明文ベース）
Y392,YouTube,ペット,伸びてる,@可愛いもふもふ猫犬,その他,猫に手を出しちゃいけない理由,推定（説明文ベース）
Y393,YouTube,ペット,伸びてる,@charomaroro,その他,ちょっといじわるしたくなっちゃった,推定（説明文ベース）
Y394,YouTube,ペット,伸びてる,@moshinuko,不明,(タイトル例なし),推定（説明文ベース）
Y395,YouTube,ペット,伸びてる,@zed_ai_lab,その他,【鉢巻きの料理人とサモエド】,推定（説明文ベース）
Y396,YouTube,ペット,伸びてる,@nikoandkotaroandtoro5473,その他,飼い主の帰りを健気に待つ猫,推定（説明文ベース）
Y397,YouTube,ペット,伸びてる,@今日もわんこ-m3l,その他,扉を見つめ、飼い主を待ち続ける柴犬,推定（説明文ベース）
Y398,YouTube,ペット,伸びてる,@shibainuhamakiti8154,不明,(タイトル例なし),推定（説明文ベース）
Y399,YouTube,ペット,伸びてる,@qoo-catfood,不明,(タイトル例なし),推定（説明文ベース）
Y400,YouTube,ペット,伸びてる,@frenchbulldog.breeders,その他,ワンプロはもう古い,推定（説明文ベース）
Y401,YouTube,ペット,伸びてる,@pnn.dc.life3,その他,ビビリ猫が挑戦してみた,推定（説明文ベース）
Y402,YouTube,ペット,伸びてる,@marron_channel,その他,なんだこの遊び方,推定（説明文ベース）
Y403,YouTube,ペット,伸びてる,@mofutto_daily,その他,オオカミの「純愛と絆」がカッコよすぎる,推定（説明文ベース）
Y404,YouTube,ペット,伸びてる,@三毛猫みーちゃん-g2s,その他,パパと娘の晩ご飯,推定（説明文ベース）
Y405,YouTube,ペット,伸びてる,@まさかの結末ch,C,ボールを追うと思ったら…,推定（説明文ベース）
Y406,YouTube,ペット,伸びてる,@アニマルログ-d7y,その他,子猫にイタズラしたらグラデーション拒否,推定（説明文ベース）
Y407,YouTube,ペット,伸びてる,@mungtran4784,B,毎回ドキドキしていませんか？,推定（説明文ベース）
Y408,YouTube,ペット,伸びてる,@ohagicafe,その他,チラ見する うちの猫,推定（説明文ベース）
Y409,YouTube,ペット,伸びてる,@gaku_ch3977,その他,世界でバズった犬・猫ハプニング５選,推定（説明文ベース）
Y410,YouTube,ペット,伸びてる,@iiinu_mangata,その他,シェパードと遭遇,推定（説明文ベース）
Y411,YouTube,ペット,伸びてる,@Ilovechise,その他,ホットカーペットを出すとすぐに寝て,推定（説明文ベース）
Y412,YouTube,ペット,伸びてる,@hidehi-de,その他,変身しなかったトイプードル,推定（説明文ベース）
Y413,YouTube,ペット,伸びてる,@qoo-dogfood,その他,犬を本当に大切にしている飼い主の特徴6,推定（説明文ベース）
Y414,YouTube,ペット,伸びてる,@洋子-p9m,その他,#癒し #元気になる動画 #可愛い,推定（説明文ベース）
Y415,YouTube,ペット,伸びてる,@官兵衛-h6o,その他,大きな音で起きちゃった柴犬,推定（説明文ベース）
Y416,YouTube,ペット,伸びてる,@nyanchanzu2,その他,にゃんちゃんずをマーメイドにした結果…,推定（説明文ベース）
Y417,YouTube,ペット,伸びてる,@tito.is.g.retriever,その他,夏休み後半戦のウキウキ,推定（説明文ベース）
Y418,YouTube,ペット,伸びてる,@cocomimikiki,その他,ミルクティーのような子猫が生まれました,推定（説明文ベース）
Y419,YouTube,ペット,伸びてる,@nanatese,不明,(タイトル例なし),推定（説明文ベース）
Y420,YouTube,ペット,伸びてる,@kenkenfamilychannel,その他,【子育てあるある？】突然の悲劇…,推定（説明文ベース）
Y421,YouTube,ペット,伸びてる,@小麦の日記,その他,完璧な犬と流行のダンス♪,推定（説明文ベース）
Y422,YouTube,ペット,伸びてる,@SaraChannelmei,その他,お手がバシッと豪快すぎる犬,推定（説明文ベース）
Y423,YouTube,ペット,伸びてる,@シーズーのぽこ,その他,ちいかわとでかぽこ,推定（説明文ベース）
Y424,YouTube,ペット,伸びてる,@ポメの銀,その他,美味そうな匂いした,推定（説明文ベース）
Y425,YouTube,ペット,伸びてる,@obaranonitijou,その他,ごろんの勢いが良すぎる柴犬,推定（説明文ベース）
Y426,YouTube,ペット,伸びてる,@marotaka1113,その他,どこもかしこも大冒険な、まろとぽん太,推定（説明文ベース）
Y427,YouTube,ペット,伸びてる,@Fur_and_Paw,その他,ヨッシー、ママにだけみせる笑顔,推定（説明文ベース）
Y428,YouTube,ペット,伸びてる,@shihtzu_auntempo,その他,帰りの車内でイビキと寝言いう犬,推定（説明文ベース）
Y429,YouTube,ペット,伸びてる,@shibapuppymamire,その他,ミルクが少し物足りない子犬,推定（説明文ベース）
Y430,YouTube,ペット,伸びてる,@neko-tanshio,不明,(タイトル例なし),推定（説明文ベース）
Y431,YouTube,ペット,伸びてる,@bellchan_log,その他,共感できる？ダックスあるある３選,推定（説明文ベース）
Y432,YouTube,ペット,伸びてる,@ふく-d4z1b,その他,2ヶ月ぶりのトリミング,推定（説明文ベース）
Y433,YouTube,ペット,伸びてる,@zuborasyufunohimatsubusi,その他,悲しむ白ニャン。,推定（説明文ベース）
Y434,YouTube,ペット,伸びてる,@ランボォン,その他,ネッコさん渾身の威嚇w,推定（説明文ベース）
Y435,YouTube,ペット,伸びてる,@-glennshouse-,その他,愛犬が可愛すぎたwwww,推定（説明文ベース）
Y436,YouTube,ペット,伸びてる,@okaka-family,その他,食いしん坊パグおかか,推定（説明文ベース）
Y437,YouTube,ペット,伸びてる,@tomato_cat,その他,とまさん、ただいま　192日目,推定（説明文ベース）
Y438,YouTube,ペット,伸びてる,@Jhonchan,その他,寝起きのジョンの顔が好き。,推定（説明文ベース）
Y439,YouTube,ペット,伸びてる,@けマック,その他,#老犬介護 #癒し,推定（説明文ベース）
Y440,YouTube,ペット,伸びてる,@MeowMeowTrivia,その他,猫がお腹を見せる本当の理由,推定（説明文ベース）
Y441,YouTube,ペット,伸びてる,@nicoanzu,その他,お気に入りの場所,推定（説明文ベース）
Y442,YouTube,ペット,伸びてる,@mameshiba_mame_azuki,その他,変顔マスターした柴犬がこちら,推定（説明文ベース）
Y443,YouTube,ペット,伸びてる,@mamechiyo728,その他,豚足あげてみた,推定（説明文ベース）
Y444,YouTube,ペット,伸びてる,@ルークチャンネル-r8p,その他,だらけてる犬がこちらです,推定（説明文ベース）
Y445,YouTube,ペット,伸びてる,@ShahShahCat,その他,釣りとネコ,推定（説明文ベース）
Y446,YouTube,ペット,伸びてる,@Leo_Channel,その他,朝パパを見送った後,推定（説明文ベース）
Y447,YouTube,ペット,伸びてる,@kyun_no_shunkan,その他,おやつ泥棒の末路が可愛すぎたw,推定（説明文ベース）
Y448,YouTube,ペット,伸びてる,@mugi7765,その他,ひたすら日向ぼっこする,推定（説明文ベース）
Y449,YouTube,ペット,伸びてる,@ハムちゃん-m8w,その他,泣くママを慰める愛犬の優しさに涙,推定（説明文ベース）
Y450,YouTube,ペット,伸びてる,@hakusama012,その他,お茶目で可愛すぎるポメラニアンの日常,推定（説明文ベース）
Y451,YouTube,ペット,伸びてる,@chikuwanekolog,その他,あなたは何に見える？,推定（説明文ベース）
Y452,YouTube,ペット,伸びてる,@kotatsu.dachshund,その他,目の前のガムが見つからない…？,推定（説明文ベース）
Y453,YouTube,ペット,伸びてる,@mel_ragdoll,その他,娘がふたり,推定（説明文ベース）
Y454,YouTube,ペット,伸びてる,@shuda_azukarikko,その他,お母さんを待ち続けた2匹の子猫,推定（説明文ベース）
Y455,YouTube,ペット,伸びてる,@犬と幸せ時間イサミとミルクとサツ,その他,#ジャーマンシェパードドッグ,推定（説明文ベース）
Y456,YouTube,ペット,伸びてる,@wagashicatdog,その他,ついに最恐猫がデレた？,推定（説明文ベース）
Y457,YouTube,ペット,伸びてる,@ももたろう日記,その他,ヤバいヒマだよbyたろうくん,推定（説明文ベース）
Y458,YouTube,ペット,伸びてる,@ティーカップチワワのクルとテト,その他,パパにおもちゃにされちゃうテトくん,推定（説明文ベース）
Y459,YouTube,ペット,伸びてる,@nakajimaneko,その他,ラグドールを飼ってよかったこと,推定（説明文ベース）
Y460,YouTube,ペット,伸びてる,@luana_cats_222,その他,子犬時代が尊すぎた,推定（説明文ベース）
Y461,YouTube,ペット,伸びてる,@triple-cats,C,留守中の…初めて見た猫の行動,推定（説明文ベース）
Y462,YouTube,ペット,伸びてる,@echoesdogtrainingasaka,その他,なでなでは本当に喜んでる？確かめる方法,推定（説明文ベース）
Y463,YouTube,ペット,伸びてる,@ゴールデンレトリバーアトム,その他,ソフトクリームが大好きな愛犬,推定（説明文ベース）
Y464,YouTube,ペット,伸びてる,@sm1718,その他,猫Vlog,推定（説明文ベース）
Y465,YouTube,ペット,伸びてる,@かにへんさくら,その他,保護犬姉妹のいたずら,推定（説明文ベース）
Y466,YouTube,ペット,伸びてる,@MIUandRIN-ch,その他,穴から覗いてる三毛猫が可愛かった,推定（説明文ベース）
Y467,YouTube,ペット,伸びてる,@しーしーとらんらんのお家,その他,パパに簡単に騙されてしまう愛犬が愛おしい,推定（説明文ベース）
Y468,YouTube,ペット,伸びてる,@こちゃいぶ日和,その他,初めてドローンを見た犬の反応。,推定（説明文ベース）
Y469,YouTube,ペット,伸びてる,@mofutteru,その他,猫パンチTOP5,推定（説明文ベース）
Y470,YouTube,ペット,伸びてる,@kaiken_ichi,その他,暴走する甲斐犬　甲斐犬いち,推定（説明文ベース）
Y471,YouTube,ペット,伸びてる,@shiroshiba_concern,その他,ハスキーvs白豆柴,推定（説明文ベース）
Y472,YouTube,ペット,伸びてる,@cats_husky,その他,【実録】理不尽すぎる猫。,推定（説明文ベース）
Y473,YouTube,ペット,伸びてる,@あずひな,その他,へそ天でいつも寝てます。,推定（説明文ベース）
Y474,YouTube,ペット,伸びてる,@panna-channel,その他,おっぴろげスタイルで寝る犬が可愛過ぎた,推定（説明文ベース）
Y475,YouTube,ペット,伸びてる,@白柴こと日記,その他,待ちきれない柴犬,推定（説明文ベース）
Y476,YouTube,ペット,伸びてる,@moco_0313,その他,猫と赤ちゃんの癒し時間。,推定（説明文ベース）
Y477,YouTube,ペット,伸びてる,@Ren-kun0123,その他,犬の証明写真,推定（説明文ベース）
Y478,YouTube,ペット,伸びてる,@mameshibaRoy,その他,【大喜利】無駄に壮大なBGMで海を見つめる豆柴,推定（説明文ベース）
Y479,YouTube,ペット,伸びてる,@sho_silver_toypoodle,その他,犯人逃走中🚔,推定（説明文ベース）
Y480,YouTube,ペット,伸びてる,@solasydpapa,その他,号令するよ！,推定（説明文ベース）
Y481,YouTube,ペット,伸びてる,@モジャモジャ大豆,その他,夫は歯磨き上手,推定（説明文ベース）
Y482,YouTube,ペット,伸びてる,@cat_maijiro,その他,おはようございます よく寝たニャ,推定（説明文ベース）
Y483,YouTube,ペット,伸びてる,@frebull_komugi,その他,癖の強いう◯ち前ルーティン,推定（説明文ベース）
Y484,YouTube,ペット,伸びてる,@IfOnlyYouKnew666,その他,癖が強すぎて笑いが止まらないワンちゃんたち,推定（説明文ベース）
Y485,YouTube,ペット,伸びてる,@wankogohan_vet,その他,愛犬よろこぶ🐶焼き芋プリン,推定（説明文ベース）
Y486,YouTube,ペット,伸びてる,@Natsu-shibafamily,その他,１つのベッドに３匹の柴犬のこどもたち！,推定（説明文ベース）
Y487,YouTube,ペット,伸びてる,@cyokoichi,その他,『17歳の老犬が教えてくれたこと。』,推定（説明文ベース）
Y488,YouTube,ペット,伸びてる,@秋田犬りん828,その他,【どの角度からでも可愛い姫】,推定（説明文ベース）
Y489,YouTube,ペット,伸びてる,@PonpocoPonty,その他,ボールが欲しくてバチバチにキレてる犬,推定（説明文ベース）
Y490,YouTube,ペット,伸びてる,@goldencozycozy,その他,犬は今この瞬間を生きる天才だ,推定（説明文ベース）
Y491,YouTube,ペット,伸びてる,@chipemaru0507,その他,【保護猫】ママ、私が赤ちゃんの時…,推定（説明文ベース）
Y492,YouTube,ペット,伸びてる,@user-catZeus,その他,恐竜に挑む勇敢な猫！？,推定（説明文ベース）
Y493,YouTube,ペット,伸びてる,@moco_dachs,その他,ほうとう大好き犬,推定（説明文ベース）
Y494,YouTube,ペット,伸びてる,@wantanosuke,その他,ただ⋯隣にいたいだけなのです⋯,推定（説明文ベース）
Y495,YouTube,ペット,伸びてる,@とろろと暮らし,その他,生後3か月チワマルのmorning routine,推定（説明文ベース）
Y496,YouTube,ペット,伸びてる,@k9bushcraft,その他,猟師流柴犬の甘やかし方,推定（説明文ベース）
Y497,YouTube,ペット,伸びてる,@chihuahuanogomajiro,その他,犬、豆知識。,推定（説明文ベース）
Y498,YouTube,ペット,伸びてる,@共働き夫婦と2匹の猫,その他,ゆず、ありがとうね,推定（説明文ベース）
Y499,YouTube,ペット,伸びてる,@ponsham-ch,その他,華麗なる股抜きで逃げ切る猫,推定（説明文ベース）
Y500,YouTube,ペット,伸びてる,@torachannel.4677,その他,ぼくの成長記録,推定（説明文ベース）
Y501,YouTube,ペット,伸びてる,@jibakomaru,その他,ごはんおねだり猫,推定（説明文ベース）
Y502,YouTube,ペット,伸びてる,@もふもふ家族817,その他,わさびの思い出,推定（説明文ベース）
Y503,YouTube,ペット,伸びてる,@mugichihuahuadog5796,その他,特技バナナを鳴らすむーちゃん！,推定（説明文ベース）
Y504,YouTube,ペット,伸びてる,@赤毛の柴犬,その他,秋の睡眠祭り,推定（説明文ベース）
Y505,YouTube,ペット,伸びてる,@kansuke0816,その他,仰向け固まり猫,推定（説明文ベース）
Y506,YouTube,ペット,伸びてる,@ララ-r1o6k,その他,保護子犬成長記録の生後15日,推定（説明文ベース）
Y507,YouTube,ペット,伸びてる,@トイプードルモコ0825,その他,広島のスケボー犬モコちゃん,推定（説明文ベース）
Y508,YouTube,ペット,伸びてる,@KohakuTube,その他,スイカを警戒する元保護犬,推定（説明文ベース）
Y509,YouTube,ペット,伸び悩み,@petnoomawarisan,その他,ふくざつな気持ちです,推定（説明文ベース）
Y510,YouTube,ペット,伸び悩み,@anela-okinawa,その他,美容師アネラのトリミング【ビフォーアフター】,推定（説明文ベース）
Y511,YouTube,ペット,伸び悩み,@こうアンドぽむ,A,Nyansの爪とぎのご紹介,推定（説明文ベース）
Y512,YouTube,ペット,伸び悩み,@Date742,その他,日常！,推定（説明文ベース）
